index,S:all,I:all,r0:all,v:all,sto:all,i:all,rep:all,phi:all,log_like
0,0.290098,0.000641418,28.8588,19.6933,0.1,3.96181e-05,0.361255,0.1,-172.803011
1,0.290098,0.000641418,28.8588,19.6933,0.1,3.96181e-05,0.361255,0.1,-172.803011
2,0.290098,0.000641418,28.8588,19.6933,0.1,3.96181e-05,0.361255,0.1,-172.803011
3,0.290098,0.000641418,28.8588,19.6933,0.1,3.96181e-05,0.361255,0.1,-172.803011
4,0.290098,0.000641418,28.8588,19.6933,0.1,3.96181e-05,0.361255,0.1,-172.803011
5,0.285381,0.000640949,28.7677,19.7043,0.1,3.96933e-05,0.360109,0.1,-170.387924
6,0.285381,0.000640949,28.7677,19.7043,0.1,3.96933e-05,0.360109,0.1,-170.387924
7,0.285381,0.000640949,28.7677,19.7043,0.1,3.96933e-05,0.360109,0.1,-170.387924
8,0.276295,0.000644571,28.828,19.7052,0.1,3.94803e-05,0.362093,0.1,-167.882020
9,0.276295,0.000644571,28.828,19.7052,0.1,3.94803e-05,0.362093,0.1,-167.882020
10,0.26662,0.000643644,28.8855,19.7069,0.1,3.97671e-05,0.359795,0.1,-165.437945
11,0.26662,0.000643644,28.8855,19.7069,0.1,3.97671e-05,0.359795,0.1,-165.437945
12,0.26662,0.000643644,28.8855,19.7069,0.1,3.97671e-05,0.359795,0.1,-165.437945
13,0.251821,0.000647701,28.8954,19.7264,0.1,3.9771e-05,0.357667,0.1,-162.512090
14,0.251821,0.000647701,28.8954,19.7264,0.1,3.9771e-05,0.357667,0.1,-162.512090
15,0.237384,0.000651335,28.8604,19.7306,0.1,3.94966e-05,0.35808,0.1,-160.405094
16,0.237384,0.000651335,28.8604,19.7306,0.1,3.94966e-05,0.35808,0.1,-160.405094
17,0.221791,0.00064996,29.0796,19.7418,0.1,3.96499e-05,0.356708,0.1,-159.061457
18,0.221791,0.00064996,29.0796,19.7418,0.1,3.96499e-05,0.356708,0.1,-159.061457
19,0.209865,0.000655801,28.9929,19.7522,0.1,3.96976e-05,0.355574,0.1,-158.639316
20,0.209572,0.000654482,29.0154,19.7548,0.1,3.96692e-05,0.352711,0.1,-158.629899
21,0.209572,0.000654482,29.0154,19.7548,0.1,3.96692e-05,0.352711,0.1,-158.629899
22,0.209572,0.000654482,29.0154,19.7548,0.1,3.96692e-05,0.352711,0.1,-158.629899
23,0.209572,0.000654482,29.0154,19.7548,0.1,3.96692e-05,0.352711,0.1,-158.629899
24,0.209572,0.000654482,29.0154,19.7548,0.1,3.96692e-05,0.352711,0.1,-158.629899
25,0.209572,0.000654482,29.0154,19.7548,0.1,3.96692e-05,0.352711,0.1,-158.629899
26,0.209572,0.000654482,29.0154,19.7548,0.1,3.96692e-05,0.352711,0.1,-158.629899
27,0.202564,0.000655539,29.0881,19.7553,0.1,3.96995e-05,0.353822,0.1,-158.619447
28,0.202564,0.000655539,29.0881,19.7553,0.1,3.96995e-05,0.353822,0.1,-158.619447
29,0.203251,0.000655586,29.0469,19.753,0.1,3.96682e-05,0.35439,0.1,-158.593628
30,0.203819,0.000654714,29.021,19.7575,0.1,3.97271e-05,0.354015,0.1,-158.553940
31,0.203819,0.000654714,29.021,19.7575,0.1,3.97271e-05,0.354015,0.1,-158.553940
32,0.203819,0.000654714,29.021,19.7575,0.1,3.97271e-05,0.354015,0.1,-158.553940
33,0.203819,0.000654714,29.021,19.7575,0.1,3.97271e-05,0.354015,0.1,-158.553940
34,0.203819,0.000654714,29.021,19.7575,0.1,3.97271e-05,0.354015,0.1,-158.553940
35,0.203819,0.000654714,29.021,19.7575,0.1,3.97271e-05,0.354015,0.1,-158.553940
36,0.203819,0.000654714,29.021,19.7575,0.1,3.97271e-05,0.354015,0.1,-158.553940
37,0.210543,0.000652552,28.994,19.7484,0.1,3.97044e-05,0.356378,0.1,-158.521659
38,0.210543,0.000652552,28.994,19.7484,0.1,3.97044e-05,0.356378,0.1,-158.521659
39,0.210543,0.000652552,28.994,19.7484,0.1,3.97044e-05,0.356378,0.1,-158.521659
40,0.205709,0.000651337,29.0013,19.7571,0.1,3.98139e-05,0.351482,0.1,-158.457103
41,0.205709,0.000651337,29.0013,19.7571,0.1,3.98139e-05,0.351482,0.1,-158.457103
42,0.204206,0.000652488,28.8888,19.7576,0.1,3.99312e-05,0.355449,0.1,-158.389413
43,0.204206,0.000652488,28.8888,19.7576,0.1,3.99312e-05,0.355449,0.1,-158.389413
44,0.20661,0.000648638,28.9497,19.7497,0.1,3.98582e-05,0.354886,0.1,-158.286489
45,0.20661,0.000648638,28.9497,19.7497,0.1,3.98582e-05,0.354886,0.1,-158.286489
46,0.20661,0.000648638,28.9497,19.7497,0.1,3.98582e-05,0.354886,0.1,-158.286489
47,0.200206,0.000645754,28.8819,19.7648,0.1,4.00778e-05,0.350064,0.1,-158.261413
48,0.208718,0.000644097,28.6574,19.7577,0.1,4.03495e-05,0.351706,0.1,-158.027741
49,0.208718,0.000644097,28.6574,19.7577,0.1,4.03495e-05,0.351706,0.1,-158.027741
50,0.208718,0.000644097,28.6574,19.7577,0.1,4.03495e-05,0.351706,0.1,-158.027741
51,0.206149,0.000634207,28.6333,19.7581,0.1,4.04185e-05,0.347965,0.1,-157.687493
52,0.206149,0.000634207,28.6333,19.7581,0.1,4.04185e-05,0.347965,0.1,-157.687493
53,0.206149,0.000634207,28.6333,19.7581,0.1,4.04185e-05,0.347965,0.1,-157.687493
54,0.206149,0.000634207,28.6333,19.7581,0.1,4.04185e-05,0.347965,0.1,-157.687493
55,0.217714,0.000624917,28.0911,19.7498,0.1,4.11737e-05,0.351101,0.1,-157.143172
56,0.217714,0.000624917,28.0911,19.7498,0.1,4.11737e-05,0.351101,0.1,-157.143172
57,0.204516,0.000609092,28.0545,19.7649,0.1,4.14961e-05,0.341557,0.1,-156.719743
58,0.204516,0.000609092,28.0545,19.7649,0.1,4.14961e-05,0.341557,0.1,-156.719743
59,0.204516,0.000609092,28.0545,19.7649,0.1,4.14961e-05,0.341557,0.1,-156.719743
60,0.21382,0.000591111,27.341,19.7567,0.1,4.23644e-05,0.337554,0.1,-155.721818
61,0.226171,0.000570436,26.6136,19.756,0.1,4.35024e-05,0.335278,0.1,-154.659472
62,0.226171,0.000570436,26.6136,19.756,0.1,4.35024e-05,0.335278,0.1,-154.659472
63,0.226171,0.000570436,26.6136,19.756,0.1,4.35024e-05,0.335278,0.1,-154.659472
64,0.224156,0.000533072,25.896,19.7463,0.1,4.45571e-05,0.328198,0.1,-153.252057
65,0.224156,0.000533072,25.896,19.7463,0.1,4.45571e-05,0.328198,0.1,-153.252057
66,0.254359,0.000471045,23.3156,19.7356,0.1,4.73892e-05,0.31649,0.1,-150.232268
67,0.254359,0.000471045,23.3156,19.7356,0.1,4.73892e-05,0.31649,0.1,-150.232268
68,0.254359,0.000471045,23.3156,19.7356,0.1,4.73892e-05,0.31649,0.1,-150.232268
69,0.26802,0.00040709,20.3288,19.7272,0.1,5.07442e-05,0.309623,0.1,-148.445802
70,0.26802,0.00040709,20.3288,19.7272,0.1,5.07442e-05,0.309623,0.1,-148.445802
71,0.308961,0.00032409,17.3506,19.6919,0.1,5.38488e-05,0.293242,0.1,-146.317051
72,0.308961,0.00032409,17.3506,19.6919,0.1,5.38488e-05,0.293242,0.1,-146.317051
73,0.308961,0.00032409,17.3506,19.6919,0.1,5.38488e-05,0.293242,0.1,-146.317051
74,0.308961,0.00032409,17.3506,19.6919,0.1,5.38488e-05,0.293242,0.1,-146.317051
75,0.308961,0.00032409,17.3506,19.6919,0.1,5.38488e-05,0.293242,0.1,-146.317051
76,0.308961,0.00032409,17.3506,19.6919,0.1,5.38488e-05,0.293242,0.1,-146.317051
77,0.308961,0.00032409,17.3506,19.6919,0.1,5.38488e-05,0.293242,0.1,-146.317051
78,0.364569,0.000292872,14.4459,19.6641,0.1,5.64235e-05,0.295776,0.1,-144.951068
79,0.364569,0.000292872,14.4459,19.6641,0.1,5.64235e-05,0.295776,0.1,-144.951068
80,0.336921,0.000356081,18.4531,19.6477,0.1,5.24016e-05,0.311694,0.1,-144.899093
81,0.336921,0.000356081,18.4531,19.6477,0.1,5.24016e-05,0.311694,0.1,-144.899093
82,0.336921,0.000356081,18.4531,19.6477,0.1,5.24016e-05,0.311694,0.1,-144.899093
83,0.41186,0.000284815,14.9541,19.6016,0.1,5.59857e-05,0.301008,0.1,-141.900177
84,0.41186,0.000284815,14.9541,19.6016,0.1,5.59857e-05,0.301008,0.1,-141.900177
85,0.41186,0.000284815,14.9541,19.6016,0.1,5.59857e-05,0.301008,0.1,-141.900177
86,0.540196,0.000209136,9.78242,19.4554,0.1,6.11061e-05,0.303648,0.1,-141.889138
87,0.540196,0.000209136,9.78242,19.4554,0.1,6.11061e-05,0.303648,0.1,-141.889138
88,0.540196,0.000209136,9.78242,19.4554,0.1,6.11061e-05,0.303648,0.1,-141.889138
89,0.545798,0.000222177,10.3246,19.4707,0.1,6.05011e-05,0.307384,0.1,-140.271275
90,0.545798,0.000222177,10.3246,19.4707,0.1,6.05011e-05,0.307384,0.1,-140.271275
91,0.545798,0.000222177,10.3246,19.4707,0.1,6.05011e-05,0.307384,0.1,-140.271275
92,0.545798,0.000222177,10.3246,19.4707,0.1,6.05011e-05,0.307384,0.1,-140.271275
93,0.545798,0.000222177,10.3246,19.4707,0.1,6.05011e-05,0.307384,0.1,-140.271275
94,0.582156,0.00020553,9.74215,19.3977,0.1,6.12163e-05,0.306874,0.1,-139.814896
95,0.582156,0.00020553,9.74215,19.3977,0.1,6.12163e-05,0.306874,0.1,-139.814896
96,0.582156,0.00020553,9.74215,19.3977,0.1,6.12163e-05,0.306874,0.1,-139.814896
97,0.582156,0.00020553,9.74215,19.3977,0.1,6.12163e-05,0.306874,0.1,-139.814896
98,0.582156,0.00020553,9.74215,19.3977,0.1,6.12163e-05,0.306874,0.1,-139.814896
99,0.582156,0.00020553,9.74215,19.3977,0.1,6.12163e-05,0.306874,0.1,-139.814896
100,0.582156,0.00020553,9.74215,19.3977,0.1,6.12163e-05,0.306874,0.1,-139.814896
101,0.582156,0.00020553,9.74215,19.3977,0.1,6.12163e-05,0.306874,0.1,-139.814896
102,0.582156,0.00020553,9.74215,19.3977,0.1,6.12163e-05,0.306874,0.1,-139.814896
103,0.562936,0.000217148,10.8761,19.418,0.1,5.99735e-05,0.30355,0.1,-139.256974
104,0.562936,0.000217148,10.8761,19.418,0.1,5.99735e-05,0.30355,0.1,-139.256974
105,0.640601,0.000202982,9.33485,19.2968,0.1,6.15612e-05,0.314444,0.1,-138.619944
106,0.640601,0.000202982,9.33485,19.2968,0.1,6.15612e-05,0.314444,0.1,-138.619944
107,0.640601,0.000202982,9.33485,19.2968,0.1,6.15612e-05,0.314444,0.1,-138.619944
108,0.676127,0.000179143,8.80452,19.1663,0.1,6.23215e-05,0.310587,0.1,-138.397485
109,0.676127,0.000179143,8.80452,19.1663,0.1,6.23215e-05,0.310587,0.1,-138.397485
110,0.676242,0.00018464,8.92175,19.1922,0.1,6.21594e-05,0.310139,0.1,-138.308140
111,0.676242,0.00018464,8.92175,19.1922,0.1,6.21594e-05,0.310139,0.1,-138.308140
112,0.676242,0.00018464,8.92175,19.1922,0.1,6.21594e-05,0.310139,0.1,-138.308140
113,0.676242,0.00018464,8.92175,19.1922,0.1,6.21594e-05,0.310139,0.1,-138.308140
114,0.742482,0.000166632,7.83271,18.9923,0.1,6.34496e-05,0.316416,0.1,-138.258561
115,0.742482,0.000166632,7.83271,18.9923,0.1,6.34496e-05,0.316416,0.1,-138.258561
116,0.737236,0.00015952,8.00516,18.9634,0.1,6.33271e-05,0.310679,0.1,-138.240453
117,0.669814,0.000188116,9.1623,19.1957,0.1,6.18412e-05,0.311556,0.1,-138.232545
118,0.694469,0.00018117,9.09914,19.0994,0.1,6.20079e-05,0.313268,0.1,-138.005619
119,0.759906,0.000169121,8.00152,18.93,0.1,6.3217e-05,0.317672,0.1,-137.701486
120,0.759906,0.000169121,8.00152,18.93,0.1,6.3217e-05,0.317672,0.1,-137.701486
121,0.798438,0.000150926,7.59675,18.6566,0.1,6.38048e-05,0.320037,0.1,-137.516521
122,0.798438,0.000150926,7.59675,18.6566,0.1,6.38048e-05,0.320037,0.1,-137.516521
123,0.798438,0.000150926,7.59675,18.6566,0.1,6.38048e-05,0.320037,0.1,-137.516521
124,0.844749,0.000134898,7.14802,18.2802,0.1,6.45345e-05,0.319899,0.1,-137.459502
125,0.844749,0.000134898,7.14802,18.2802,0.1,6.45345e-05,0.319899,0.1,-137.459502
126,0.844749,0.000134898,7.14802,18.2802,0.1,6.45345e-05,0.319899,0.1,-137.459502
127,0.844749,0.000134898,7.14802,18.2802,0.1,6.45345e-05,0.319899,0.1,-137.459502
128,0.836732,0.000148289,7.56706,18.4025,0.1,6.38877e-05,0.324046,0.1,-137.283735
129,0.836732,0.000148289,7.56706,18.4025,0.1,6.38877e-05,0.324046,0.1,-137.283735
130,0.836732,0.000148289,7.56706,18.4025,0.1,6.38877e-05,0.324046,0.1,-137.283735
131,0.836732,0.000148289,7.56706,18.4025,0.1,6.38877e-05,0.324046,0.1,-137.283735
132,0.836732,0.000148289,7.56706,18.4025,0.1,6.38877e-05,0.324046,0.1,-137.283735
133,0.91263,0.000116089,6.44596,17.1932,0.1,6.55873e-05,0.329922,0.1,-137.246422
134,0.89001,0.000135414,6.93342,17.7434,0.1,6.46718e-05,0.335271,0.1,-136.983302
135,0.89001,0.000135414,6.93342,17.7434,0.1,6.46718e-05,0.335271,0.1,-136.983302
136,0.89001,0.000135414,6.93342,17.7434,0.1,6.46718e-05,0.335271,0.1,-136.983302
137,0.89001,0.000135414,6.93342,17.7434,0.1,6.46718e-05,0.335271,0.1,-136.983302
138,0.934109,0.00012849,6.48206,16.7214,0.1,6.53474e-05,0.346694,0.1,-136.871191
139,0.934109,0.00012849,6.48206,16.7214,0.1,6.53474e-05,0.346694,0.1,-136.871191
140,0.934109,0.00012849,6.48206,16.7214,0.1,6.53474e-05,0.346694,0.1,-136.871191
141,0.934109,0.00012849,6.48206,16.7214,0.1,6.53474e-05,0.346694,0.1,-136.871191
142,0.930332,0.000133914,6.18384,16.9205,0.1,6.55889e-05,0.354291,0.1,-136.484307
143,0.959362,0.000119542,5.45945,15.1788,0.1,6.66401e-05,0.369144,0.1,-136.139089
144,0.959362,0.000119542,5.45945,15.1788,0.1,6.66401e-05,0.369144,0.1,-136.139089
145,0.959362,0.000119542,5.45945,15.1788,0.1,6.66401e-05,0.369144,0.1,-136.139089
146,0.974547,0.000105076,4.64465,11.8802,0.1,6.80355e-05,0.397577,0.1,-135.560255
147,0.974547,0.000105076,4.64465,11.8802,0.1,6.80355e-05,0.397577,0.1,-135.560255
148,0.974547,0.000105076,4.64465,11.8802,0.1,6.80355e-05,0.397577,0.1,-135.560255
149,0.97618,0.000130661,4.26891,11.7789,0.1,6.81956e-05,0.426178,0.1,-134.359024
150,0.97618,0.000130661,4.26891,11.7789,0.1,6.81956e-05,0.426178,0.1,-134.359024
151,0.979613,9.06757e-05,2.74856,7.22136,0.1,7.15957e-05,0.465036,0.1,-131.734404
152,0.979613,9.06757e-05,2.74856,7.22136,0.1,7.15957e-05,0.465036,0.1,-131.734404
153,0.979613,9.06757e-05,2.74856,7.22136,0.1,7.15957e-05,0.465036,0.1,-131.734404
154,0.979977,9.05974e-05,1.9793,5.47016,0.1,7.35337e-05,0.5357,0.1,-127.851377
155,0.979977,9.05974e-05,1.9793,5.47016,0.1,7.35337e-05,0.5357,0.1,-127.851377
156,0.979977,9.05974e-05,1.9793,5.47016,0.1,7.35337e-05,0.5357,0.1,-127.851377
157,0.979977,9.05974e-05,1.9793,5.47016,0.1,7.35337e-05,0.5357,0.1,-127.851377
158,0.979977,9.05974e-05,1.9793,5.47016,0.1,7.35337e-05,0.5357,0.1,-127.851377
159,0.979977,9.05974e-05,1.9793,5.47016,0.1,7.35337e-05,0.5357,0.1,-127.851377
160,0.979977,9.05974e-05,1.9793,5.47016,0.1,7.35337e-05,0.5357,0.1,-127.851377
161,0.979977,9.05974e-05,1.9793,5.47016,0.1,7.35337e-05,0.5357,0.1,-127.851377
162,0.979977,9.05974e-05,1.9793,5.47016,0.1,7.35337e-05,0.5357,0.1,-127.851377
163,0.979977,9.05974e-05,1.9793,5.47016,0.1,7.35337e-05,0.5357,0.1,-127.851377
164,0.979977,9.05974e-05,1.9793,5.47016,0.1,7.35337e-05,0.5357,0.1,-127.851377
165,0.979977,9.05974e-05,1.9793,5.47016,0.1,7.35337e-05,0.5357,0.1,-127.851377
166,0.979977,9.05974e-05,1.9793,5.47016,0.1,7.35337e-05,0.5357,0.1,-127.851377
167,0.979977,9.05974e-05,1.9793,5.47016,0.1,7.35337e-05,0.5357,0.1,-127.851377
168,0.979977,9.05974e-05,1.9793,5.47016,0.1,7.35337e-05,0.5357,0.1,-127.851377
169,0.979977,9.05974e-05,1.9793,5.47016,0.1,7.35337e-05,0.5357,0.1,-127.851377
170,0.979977,9.05974e-05,1.9793,5.47016,0.1,7.35337e-05,0.5357,0.1,-127.851377
171,0.979989,9.14213e-05,1.89446,5.30049,0.1,7.37876e-05,0.552591,0.1,-127.429354
172,0.979989,9.14213e-05,1.89446,5.30049,0.1,7.37876e-05,0.552591,0.1,-127.429354
173,0.979989,9.14213e-05,1.89446,5.30049,0.1,7.37876e-05,0.552591,0.1,-127.429354
174,0.979989,9.14213e-05,1.89446,5.30049,0.1,7.37876e-05,0.552591,0.1,-127.429354
175,0.97998,8.93628e-05,2.10073,5.4162,0.1,7.32644e-05,0.535065,0.1,-127.401169
176,0.979989,8.5806e-05,1.9542,5.29322,0.1,7.37504e-05,0.545395,0.1,-127.246813
177,0.979989,8.5806e-05,1.9542,5.29322,0.1,7.37504e-05,0.545395,0.1,-127.246813
178,0.979989,8.5806e-05,1.9542,5.29322,0.1,7.37504e-05,0.545395,0.1,-127.246813
179,0.979995,8.49198e-05,1.9237,5.16538,0.1,7.38961e-05,0.56168,0.1,-126.659440
180,0.979995,8.49198e-05,1.9237,5.16538,0.1,7.38961e-05,0.56168,0.1,-126.659440
181,0.979995,8.49198e-05,1.9237,5.16538,0.1,7.38961e-05,0.56168,0.1,-126.659440
182,0.979997,8.48517e-05,1.93136,5.13355,0.1,7.39192e-05,0.568458,0.1,-126.396307
183,0.979997,8.48517e-05,1.93136,5.13355,0.1,7.39192e-05,0.568458,0.1,-126.396307
184,0.979997,8.48517e-05,1.93136,5.13355,0.1,7.39192e-05,0.568458,0.1,-126.396307
185,0.979997,8.48517e-05,1.93136,5.13355,0.1,7.39192e-05,0.568458,0.1,-126.396307
186,0.979999,7.9978e-05,2.03795,5.05181,0.1,7.38465e-05,0.585991,0.1,-126.005863
187,0.979999,7.9978e-05,2.03795,5.05181,0.1,7.38465e-05,0.585991,0.1,-126.005863
188,0.979999,7.9978e-05,2.03795,5.05181,0.1,7.38465e-05,0.585991,0.1,-126.005863
189,0.979999,7.9978e-05,2.03795,5.05181,0.1,7.38465e-05,0.585991,0.1,-126.005863
190,0.979999,7.9978e-05,2.03795,5.05181,0.1,7.38465e-05,0.585991,0.1,-126.005863
191,0.979999,7.9978e-05,2.03795,5.05181,0.1,7.38465e-05,0.585991,0.1,-126.005863
192,0.979999,7.9978e-05,2.03795,5.05181,0.1,7.38465e-05,0.585991,0.1,-126.005863
193,0.98,7.56392e-05,2.00247,5.02702,0.1,7.41126e-05,0.6002,0.1,-125.730356
194,0.98,7.7113e-05,1.92262,5.01524,0.1,7.43555e-05,0.618056,0.1,-125.501375
195,0.98,7.7113e-05,1.92262,5.01524,0.1,7.43555e-05,0.618056,0.1,-125.501375
196,0.98,7.7113e-05,1.92262,5.01524,0.1,7.43555e-05,0.618056,0.1,-125.501375
197,0.98,6.62772e-05,1.99051,5.00297,0.1,7.46342e-05,0.641781,0.1,-125.324537
198,0.98,6.51215e-05,2.00648,5.00061,0.1,7.47583e-05,0.673409,0.1,-125.042477
199,0.98,6.51215e-05,2.00648,5.00061,0.1,7.47583e-05,0.673409,0.1,-125.042477
200,0.98,6.51215e-05,2.00648,5.00061,0.1,7.47583e-05,0.673409,0.1,-125.042477
201,0.98,6.51215e-05,2.00648,5.00061,0.1,7.47583e-05,0.673409,0.1,-125.042477
202,0.98,6.51215e-05,2.00648,5.00061,0.1,7.47583e-05,0.673409,0.1,-125.042477
203,0.98,4.43383e-05,1.98865,5,0.1,7.60562e-05,0.735393,0.1,-124.988353
204,0.98,5.01213e-05,2.0495,5.00001,0.1,7.56194e-05,0.729118,0.1,-124.817546
205,0.98,5.01213e-05,2.0495,5.00001,0.1,7.56194e-05,0.729118,0.1,-124.817546
206,0.98,3.877e-05,2.02192,5,0.1,7.66638e-05,0.769299,0.1,-124.799240
207,0.98,3.877e-05,2.02192,5,0.1,7.66638e-05,0.769299,0.1,-124.799240
208,0.98,3.877e-05,2.02192,5,0.1,7.66638e-05,0.769299,0.1,-124.799240
209,0.98,3.877e-05,2.02192,5,0.1,7.66638e-05,0.769299,0.1,-124.799240
210,0.98,5.43196e-05,2.00756,5.00002,0.1,7.54203e-05,0.716178,0.1,-124.795332
211,0.98,5.20767e-05,2.0589,5,0.1,7.5783e-05,0.756464,0.1,-124.603876
212,0.98,5.20767e-05,2.0589,5,0.1,7.5783e-05,0.756464,0.1,-124.603876
213,0.98,5.20767e-05,2.0589,5,0.1,7.5783e-05,0.756464,0.1,-124.603876
214,0.98,5.20767e-05,2.0589,5,0.1,7.5783e-05,0.756464,0.1,-124.603876
215,0.98,7.06151e-05,1.96259,5.00007,0.1,7.49418e-05,0.714683,0.1,-124.519783
216,0.98,7.06151e-05,1.96259,5.00007,0.1,7.49418e-05,0.714683,0.1,-124.519783
217,0.98,4.77561e-05,2.0287,5,0.1,7.6213e-05,0.768664,0.1,-124.474362
218,0.98,4.77561e-05,2.0287,5,0.1,7.6213e-05,0.768664,0.1,-124.474362
219,0.98,5.80761e-05,1.95271,5,0.1,7.60306e-05,0.772989,0.1,-124.166314
220,0.98,5.80761e-05,1.95271,5,0.1,7.60306e-05,0.772989,0.1,-124.166314
221,0.98,5.80761e-05,1.95271,5,0.1,7.60306e-05,0.772989,0.1,-124.166314
222,0.98,7.7752e-05,1.88978,5,0.1,7.54552e-05,0.768587,0.1,-123.828342
223,0.98,7.7752e-05,1.88978,5,0.1,7.54552e-05,0.768587,0.1,-123.828342
224,0.98,7.7752e-05,1.88978,5,0.1,7.54552e-05,0.768587,0.1,-123.828342
225,0.98,7.7752e-05,1.88978,5,0.1,7.54552e-05,0.768587,0.1,-123.828342
226,0.98,7.7752e-05,1.88978,5,0.1,7.54552e-05,0.768587,0.1,-123.828342
227,0.98,8.28872e-05,1.85607,5,0.1,7.55506e-05,0.776624,0.1,-123.643188
228,0.98,0.000117511,1.67912,5,0.1,7.50776e-05,0.770996,0.1,-122.745405
229,0.98,0.000117511,1.67912,5,0.1,7.50776e-05,0.770996,0.1,-122.745405
230,0.98,0.000117511,1.67912,5,0.1,7.50776e-05,0.770996,0.1,-122.745405
231,0.98,0.000170237,1.62494,5,0.1,7.44794e-05,0.779147,0.1,-121.606569
232,0.98,0.000170237,1.62494,5,0.1,7.44794e-05,0.779147,0.1,-121.606569
233,0.98,0.000282916,1.42063,5.00002,0.1,7.3728e-05,0.779659,0.1,-116.448590
234,0.98,0.000282916,1.42063,5.00002,0.1,7.3728e-05,0.779659,0.1,-116.448590
235,0.98,0.000282916,1.42063,5.00002,0.1,7.3728e-05,0.779659,0.1,-116.448590
236,0.98,0.0003818,1.19676,5,0.1,7.41569e-05,0.793671,0.1,-107.293749
237,0.98,0.0003818,1.19676,5,0.1,7.41569e-05,0.793671,0.1,-107.293749
238,0.98,0.000511162,1.17129,5.00009,0.1,7.2702e-05,0.786695,0.1,-106.627403
239,0.98,0.000511162,1.17129,5.00009,0.1,7.2702e-05,0.786695,0.1,-106.627403
240,0.98,0.000511162,1.17129,5.00009,0.1,7.2702e-05,0.786695,0.1,-106.627403
241,0.98,0.000511162,1.17129,5.00009,0.1,7.2702e-05,0.786695,0.1,-106.627403
242,0.98,0.000511162,1.17129,5.00009,0.1,7.2702e-05,0.786695,0.1,-106.627403
243,0.98,0.000576975,1.07867,5.00001,0.1,7.28703e-05,0.793066,0.1,-106.549805
244,0.98,0.000576975,1.07867,5.00001,0.1,7.28703e-05,0.793066,0.1,-106.549805
245,0.98,0.000576975,1.07867,5.00001,0.1,7.28703e-05,0.793066,0.1,-106.549805
246,0.98,0.000526755,1.10506,5.00002,0.1,7.30557e-05,0.790907,0.1,-106.016604
247,0.98,0.000526755,1.10506,5.00002,0.1,7.30557e-05,0.790907,0.1,-106.016604
248,0.98,0.000526755,1.10506,5.00002,0.1,7.30557e-05,0.790907,0.1,-106.016604
249,0.98,0.000526755,1.10506,5.00002,0.1,7.30557e-05,0.790907,0.1,-106.016604
250,0.98,0.000526755,1.10506,5.00002,0.1,7.30557e-05,0.790907,0.1,-106.016604
251,0.98,0.000526755,1.10506,5.00002,0.1,7.30557e-05,0.790907,0.1,-106.016604
252,0.98,0.000526755,1.10506,5.00002,0.1,7.30557e-05,0.790907,0.1,-106.016604
253,0.98,0.000541979,1.10631,5.00001,0.1,7.29993e-05,0.792212,0.1,-105.950230
254,0.98,0.000525478,1.11235,5.00001,0.1,7.30994e-05,0.791967,0.1,-105.904700
255,0.98,0.00052427,1.11345,5.00001,0.1,7.31248e-05,0.792259,0.1,-105.891252
256,0.98,0.00052427,1.11345,5.00001,0.1,7.31248e-05,0.792259,0.1,-105.891252
257,0.98,0.00052427,1.11345,5.00001,0.1,7.31248e-05,0.792259,0.1,-105.891252
258,0.98,0.000517522,1.13252,5.00001,0.1,7.30061e-05,0.790705,0.1,-105.888183
259,0.98,0.000517522,1.13252,5.00001,0.1,7.30061e-05,0.790705,0.1,-105.888183
260,0.98,0.000528181,1.11742,5.00001,0.1,7.30563e-05,0.791971,0.1,-105.864298
261,0.98,0.000528181,1.11742,5.00001,0.1,7.30563e-05,0.791971,0.1,-105.864298
262,0.98,0.00052035,1.12023,5.00001,0.1,7.31016e-05,0.791814,0.1,-105.859558
263,0.98,0.00052035,1.12023,5.00001,0.1,7.31016e-05,0.791814,0.1,-105.859558
264,0.98,0.00052035,1.12023,5.00001,0.1,7.31016e-05,0.791814,0.1,-105.859558
265,0.98,0.00052035,1.12023,5.00001,0.1,7.31016e-05,0.791814,0.1,-105.859558
266,0.98,0.000520136,1.12058,5.00001,0.1,7.31113e-05,0.791959,0.1,-105.856066
267,0.98,0.000515346,1.11903,5,0.1,7.32244e-05,0.792849,0.1,-105.854291
268,0.98,0.000515346,1.11903,5,0.1,7.32244e-05,0.792849,0.1,-105.854291
269,0.98,0.000516471,1.12763,5.00001,0.1,7.31185e-05,0.792021,0.1,-105.849896
270,0.98,0.000516471,1.12763,5.00001,0.1,7.31185e-05,0.792021,0.1,-105.849896
271,0.98,0.000516471,1.12763,5.00001,0.1,7.31185e-05,0.792021,0.1,-105.849896
272,0.98,0.000507812,1.12831,5,0.1,7.32319e-05,0.792589,0.1,-105.846379
273,0.98,0.000507812,1.12831,5,0.1,7.32319e-05,0.792589,0.1,-105.846379
274,0.98,0.000501534,1.13061,5,0.1,7.33336e-05,0.793321,0.1,-105.844591
275,0.98,0.000501534,1.13061,5,0.1,7.33336e-05,0.793321,0.1,-105.844591
276,0.98,0.000515072,1.11985,5,0.1,7.32909e-05,0.793694,0.1,-105.836277
277,0.98,0.000509798,1.13053,5,0.1,7.32884e-05,0.793643,0.1,-105.832202
278,0.98,0.000509798,1.13053,5,0.1,7.32884e-05,0.793643,0.1,-105.832202
279,0.98,0.000504503,1.1239,5,0.1,7.34037e-05,0.794114,0.1,-105.831517
280,0.98,0.000514186,1.11848,5,0.1,7.3406e-05,0.794778,0.1,-105.827083
281,0.98,0.000503171,1.12825,5,0.1,7.3537e-05,0.795465,0.1,-105.804900
282,0.98,0.000503171,1.12825,5,0.1,7.3537e-05,0.795465,0.1,-105.804900
283,0.98,0.000506731,1.12322,5,0.1,7.35587e-05,0.795722,0.1,-105.802402
284,0.98,0.000504095,1.12739,5,0.1,7.35662e-05,0.79574,0.1,-105.799085
285,0.98,0.000504095,1.12739,5,0.1,7.35662e-05,0.79574,0.1,-105.799085
286,0.98,0.000514334,1.12326,5,0.1,7.3539e-05,0.796083,0.1,-105.786334
287,0.98,0.000514334,1.12326,5,0.1,7.3539e-05,0.796083,0.1,-105.786334
288,0.98,0.000514334,1.12326,5,0.1,7.3539e-05,0.796083,0.1,-105.786334
289,0.98,0.000514334,1.12326,5,0.1,7.3539e-05,0.796083,0.1,-105.786334
290,0.98,0.000514334,1.12326,5,0.1,7.3539e-05,0.796083,0.1,-105.786334
291,0.98,0.000514334,1.12326,5,0.1,7.3539e-05,0.796083,0.1,-105.786334
292,0.98,0.000514334,1.12326,5,0.1,7.3539e-05,0.796083,0.1,-105.786334
293,0.98,0.000514334,1.12326,5,0.1,7.3539e-05,0.796083,0.1,-105.786334
294,0.98,0.000522613,1.12322,5,0.1,7.34966e-05,0.796291,0.1,-105.780127
295,0.98,0.00051862,1.12381,5,0.1,7.35566e-05,0.796479,0.1,-105.776981
296,0.98,0.00051862,1.12381,5,0.1,7.35566e-05,0.796479,0.1,-105.776981
297,0.98,0.00051862,1.12381,5,0.1,7.35566e-05,0.796479,0.1,-105.776981
298,0.98,0.00051862,1.12381,5,0.1,7.35566e-05,0.796479,0.1,-105.776981
299,0.98,0.00051862,1.12381,5,0.1,7.35566e-05,0.796479,0.1,-105.776981
300,0.98,0.00051862,1.12381,5,0.1,7.35566e-05,0.796479,0.1,-105.776981
301,0.98,0.00051862,1.12381,5,0.1,7.35566e-05,0.796479,0.1,-105.776981
302,0.98,0.000525565,1.12388,5,0.1,7.35086e-05,0.796562,0.1,-105.776886
303,0.98,0.000525565,1.12388,5,0.1,7.35086e-05,0.796562,0.1,-105.776886
304,0.98,0.000525565,1.12388,5,0.1,7.35086e-05,0.796562,0.1,-105.776886
305,0.98,0.000525565,1.12388,5,0.1,7.35086e-05,0.796562,0.1,-105.776886
306,0.98,0.000525565,1.12388,5,0.1,7.35086e-05,0.796562,0.1,-105.776886
307,0.98,0.000525565,1.12388,5,0.1,7.35086e-05,0.796562,0.1,-105.776886
308,0.98,0.000520046,1.12537,5,0.1,7.35506e-05,0.796563,0.1,-105.775681
309,0.98,0.000520046,1.12537,5,0.1,7.35506e-05,0.796563,0.1,-105.775681
310,0.98,0.000520046,1.12537,5,0.1,7.35506e-05,0.796563,0.1,-105.775681
311,0.98,0.000520046,1.12537,5,0.1,7.35506e-05,0.796563,0.1,-105.775681
312,0.98,0.000520046,1.12537,5,0.1,7.35506e-05,0.796563,0.1,-105.775681
313,0.98,0.000520046,1.12537,5,0.1,7.35506e-05,0.796563,0.1,-105.775681
314,0.98,0.000520046,1.12537,5,0.1,7.35506e-05,0.796563,0.1,-105.775681
315,0.98,0.000520046,1.12537,5,0.1,7.35506e-05,0.796563,0.1,-105.775681
316,0.98,0.000520046,1.12537,5,0.1,7.35506e-05,0.796563,0.1,-105.775681
317,0.98,0.000520046,1.12537,5,0.1,7.35506e-05,0.796563,0.1,-105.775681
318,0.98,0.000521202,1.12435,5,0.1,7.35477e-05,0.796583,0.1,-105.775102
319,0.98,0.000521202,1.12435,5,0.1,7.35477e-05,0.796583,0.1,-105.775102
320,0.98,0.000521202,1.12435,5,0.1,7.35477e-05,0.796583,0.1,-105.775102
321,0.98,0.000521202,1.12435,5,0.1,7.35477e-05,0.796583,0.1,-105.775102
322,0.98,0.000521202,1.12435,5,0.1,7.35477e-05,0.796583,0.1,-105.775102
323,0.98,0.000521202,1.12435,5,0.1,7.35477e-05,0.796583,0.1,-105.775102
324,0.98,0.000521202,1.12435,5,0.1,7.35477e-05,0.796583,0.1,-105.775102
325,0.98,0.000521202,1.12435,5,0.1,7.35477e-05,0.796583,0.1,-105.775102
326,0.98,0.000521202,1.12435,5,0.1,7.35477e-05,0.796583,0.1,-105.775102
327,0.98,0.000521202,1.12435,5,0.1,7.35477e-05,0.796583,0.1,-105.775102
328,0.98,0.000521202,1.12435,5,0.1,7.35477e-05,0.796583,0.1,-105.775102
329,0.98,0.000521202,1.12435,5,0.1,7.35477e-05,0.796583,0.1,-105.775102
330,0.98,0.000521202,1.12435,5,0.1,7.35477e-05,0.796583,0.1,-105.775102
331,0.98,0.000521202,1.12435,5,0.1,7.35477e-05,0.796583,0.1,-105.775102
332,0.98,0.000521202,1.12435,5,0.1,7.35477e-05,0.796583,0.1,-105.775102
333,0.98,0.000521202,1.12435,5,0.1,7.35477e-05,0.796583,0.1,-105.775102
334,0.98,0.000521202,1.12435,5,0.1,7.35477e-05,0.796583,0.1,-105.775102
335,0.98,0.000521202,1.12435,5,0.1,7.35477e-05,0.796583,0.1,-105.775102
336,0.98,0.000521202,1.12435,5,0.1,7.35477e-05,0.796583,0.1,-105.775102
337,0.98,0.000521202,1.12435,5,0.1,7.35477e-05,0.796583,0.1,-105.775102
338,0.98,0.000521202,1.12435,5,0.1,7.35477e-05,0.796583,0.1,-105.775102
339,0.98,0.000521202,1.12435,5,0.1,7.35477e-05,0.796583,0.1,-105.775102
340,0.98,0.000521202,1.12435,5,0.1,7.35477e-05,0.796583,0.1,-105.775102
341,0.98,0.000521202,1.12435,5,0.1,7.35477e-05,0.796583,0.1,-105.775102
342,0.98,0.000521202,1.12435,5,0.1,7.35477e-05,0.796583,0.1,-105.775102
343,0.98,0.000521202,1.12435,5,0.1,7.35477e-05,0.796583,0.1,-105.775102
344,0.98,0.000521202,1.12435,5,0.1,7.35477e-05,0.796583,0.1,-105.775102
345,0.98,0.000521378,1.12421,5,0.1,7.35472e-05,0.796586,0.1,-105.775074
346,0.98,0.000521378,1.12421,5,0.1,7.35472e-05,0.796586,0.1,-105.775074
347,0.98,0.000521378,1.12421,5,0.1,7.35472e-05,0.796586,0.1,-105.775074
348,0.98,0.000521378,1.12421,5,0.1,7.35472e-05,0.796586,0.1,-105.775074
349,0.98,0.000521378,1.12421,5,0.1,7.35472e-05,0.796586,0.1,-105.775074
350,0.98,0.000521378,1.12421,5,0.1,7.35472e-05,0.796586,0.1,-105.775074
351,0.98,0.000521378,1.12421,5,0.1,7.35472e-05,0.796586,0.1,-105.775074
352,0.98,0.000521378,1.12421,5,0.1,7.35472e-05,0.796586,0.1,-105.775074
353,0.98,0.00052115,1.12418,5,0.1,7.35491e-05,0.796584,0.1,-105.775059
354,0.98,0.00052115,1.12418,5,0.1,7.35491e-05,0.796584,0.1,-105.775059
355,0.98,0.00052115,1.12418,5,0.1,7.35491e-05,0.796584,0.1,-105.775059
356,0.98,0.00052115,1.12418,5,0.1,7.35491e-05,0.796584,0.1,-105.775059
357,0.98,0.00052115,1.12418,5,0.1,7.35491e-05,0.796584,0.1,-105.775059
358,0.98,0.00052115,1.12418,5,0.1,7.35491e-05,0.796584,0.1,-105.775059
359,0.98,0.00052115,1.12418,5,0.1,7.35491e-05,0.796584,0.1,-105.775059
360,0.98,0.00052115,1.12418,5,0.1,7.35491e-05,0.796584,0.1,-105.775059
361,0.98,0.00052115,1.12418,5,0.1,7.35491e-05,0.796584,0.1,-105.775059
362,0.98,0.00052115,1.12418,5,0.1,7.35491e-05,0.796584,0.1,-105.775059
363,0.98,0.00052115,1.12418,5,0.1,7.35491e-05,0.796584,0.1,-105.775059
364,0.98,0.00052115,1.12418,5,0.1,7.35491e-05,0.796584,0.1,-105.775059
365,0.98,0.00052115,1.12418,5,0.1,7.35491e-05,0.796584,0.1,-105.775059
366,0.98,0.00052115,1.12418,5,0.1,7.35491e-05,0.796584,0.1,-105.775059
367,0.98,0.00052115,1.12418,5,0.1,7.35491e-05,0.796584,0.1,-105.775059
368,0.98,0.000521139,1.12417,5,0.1,7.35492e-05,0.796584,0.1,-105.775058
369,0.98,0.000521139,1.12417,5,0.1,7.35492e-05,0.796584,0.1,-105.775058
370,0.98,0.000521139,1.12417,5,0.1,7.35492e-05,0.796584,0.1,-105.775058
371,0.98,0.000521139,1.12417,5,0.1,7.35492e-05,0.796584,0.1,-105.775058
372,0.98,0.000521258,1.12418,5,0.1,7.35483e-05,0.796585,0.1,-105.775058
373,0.98,0.000521258,1.12418,5,0.1,7.35483e-05,0.796585,0.1,-105.775058
374,0.98,0.000521258,1.12418,5,0.1,7.35483e-05,0.796585,0.1,-105.775058
375,0.98,0.000521258,1.12418,5,0.1,7.35483e-05,0.796585,0.1,-105.775058
376,0.98,0.000521258,1.12418,5,0.1,7.35483e-05,0.796585,0.1,-105.775058
377,0.98,0.000521258,1.12418,5,0.1,7.35483e-05,0.796585,0.1,-105.775058
378,0.98,0.000521258,1.12418,5,0.1,7.35483e-05,0.796585,0.1,-105.775058
379,0.98,0.000521258,1.12418,5,0.1,7.35483e-05,0.796585,0.1,-105.775058
380,0.98,0.000521258,1.12418,5,0.1,7.35483e-05,0.796585,0.1,-105.775058
381,0.98,0.000521171,1.12417,5,0.1,7.3549e-05,0.796585,0.1,-105.775057
382,0.98,0.000521171,1.12417,5,0.1,7.3549e-05,0.796585,0.1,-105.775057
383,0.98,0.000521088,1.12418,5,0.1,7.35496e-05,0.796584,0.1,-105.775056
384,0.98,0.000521088,1.12418,5,0.1,7.35496e-05,0.796584,0.1,-105.775056
385,0.98,0.000521088,1.12418,5,0.1,7.35496e-05,0.796584,0.1,-105.775056
386,0.98,0.000521088,1.12418,5,0.1,7.35496e-05,0.796584,0.1,-105.775056
387,0.98,0.000521088,1.12418,5,0.1,7.35496e-05,0.796584,0.1,-105.775056
388,0.98,0.000521088,1.12418,5,0.1,7.35496e-05,0.796584,0.1,-105.775056
389,0.98,0.000521088,1.12418,5,0.1,7.35496e-05,0.796584,0.1,-105.775056
390,0.98,0.000521088,1.12418,5,0.1,7.35496e-05,0.796584,0.1,-105.775056
391,0.98,0.000521088,1.12418,5,0.1,7.35496e-05,0.796584,0.1,-105.775056
392,0.98,0.000521088,1.12418,5,0.1,7.35496e-05,0.796584,0.1,-105.775056
393,0.98,0.000521088,1.12418,5,0.1,7.35496e-05,0.796584,0.1,-105.775056
394,0.98,0.000521088,1.12418,5,0.1,7.35496e-05,0.796584,0.1,-105.775056
395,0.98,0.000521088,1.12418,5,0.1,7.35496e-05,0.796584,0.1,-105.775056
396,0.98,0.000521108,1.12417,5,0.1,7.35494e-05,0.796584,0.1,-105.775056
397,0.98,0.000521108,1.12417,5,0.1,7.35494e-05,0.796584,0.1,-105.775056
398,0.98,0.000521108,1.12417,5,0.1,7.35494e-05,0.796584,0.1,-105.775056
399,0.98,0.000521079,1.12417,5,0.1,7.35497e-05,0.796584,0.1,-105.775056
400,0.98,0.000521127,1.12418,5,0.1,7.35493e-05,0.796584,0.1,-105.775056
401,0.98,0.000521126,1.12416,5,0.1,7.35494e-05,0.796584,0.1,-105.775056
402,0.98,0.000521126,1.12416,5,0.1,7.35494e-05,0.796584,0.1,-105.775056
403,0.98,0.000521126,1.12416,5,0.1,7.35494e-05,0.796584,0.1,-105.775056
404,0.98,0.000521126,1.12416,5,0.1,7.35494e-05,0.796584,0.1,-105.775056
405,0.98,0.000521126,1.12416,5,0.1,7.35494e-05,0.796584,0.1,-105.775056
406,0.98,0.000521126,1.12416,5,0.1,7.35494e-05,0.796584,0.1,-105.775056
407,0.98,0.000521126,1.12416,5,0.1,7.35494e-05,0.796584,0.1,-105.775056
408,0.98,0.000521098,1.12417,5,0.1,7.35495e-05,0.796584,0.1,-105.775056
409,0.98,0.000521084,1.12417,5,0.1,7.35497e-05,0.796584,0.1,-105.775056
410,0.98,0.000521084,1.12417,5,0.1,7.35497e-05,0.796584,0.1,-105.775056
411,0.98,0.000521084,1.12417,5,0.1,7.35497e-05,0.796584,0.1,-105.775056
412,0.98,0.000521084,1.12417,5,0.1,7.35497e-05,0.796584,0.1,-105.775056
413,0.98,0.000521084,1.12417,5,0.1,7.35497e-05,0.796584,0.1,-105.775056
414,0.98,0.000521084,1.12417,5,0.1,7.35497e-05,0.796584,0.1,-105.775056
415,0.98,0.000521084,1.12417,5,0.1,7.35497e-05,0.796584,0.1,-105.775056
416,0.98,0.000521084,1.12417,5,0.1,7.35497e-05,0.796584,0.1,-105.775056
417,0.98,0.000521084,1.12417,5,0.1,7.35497e-05,0.796584,0.1,-105.775056
418,0.98,0.000521084,1.12417,5,0.1,7.35497e-05,0.796584,0.1,-105.775056
419,0.98,0.000521116,1.12415,5,0.1,7.35495e-05,0.796584,0.1,-105.775056
420,0.98,0.000521085,1.12416,5,0.1,7.35497e-05,0.796584,0.1,-105.775056
421,0.98,0.000521085,1.12416,5,0.1,7.35497e-05,0.796584,0.1,-105.775056
422,0.98,0.000521085,1.12416,5,0.1,7.35497e-05,0.796584,0.1,-105.775056
423,0.98,0.000521085,1.12416,5,0.1,7.35497e-05,0.796584,0.1,-105.775056
424,0.98,0.00052107,1.12415,5,0.1,7.35499e-05,0.796584,0.1,-105.775055
425,0.98,0.00052107,1.12415,5,0.1,7.35499e-05,0.796584,0.1,-105.775055
426,0.98,0.00052107,1.12415,5,0.1,7.35499e-05,0.796584,0.1,-105.775055
427,0.98,0.000521071,1.12415,5,0.1,7.35499e-05,0.796584,0.1,-105.775055
428,0.98,0.000521071,1.12415,5,0.1,7.35499e-05,0.796584,0.1,-105.775055
429,0.98,0.000521071,1.12415,5,0.1,7.35499e-05,0.796584,0.1,-105.775055
430,0.98,0.000521072,1.12417,5,0.1,7.35498e-05,0.796584,0.1,-105.775055
431,0.98,0.000521067,1.12416,5,0.1,7.35499e-05,0.796584,0.1,-105.775055
432,0.98,0.000521067,1.12416,5,0.1,7.35499e-05,0.796584,0.1,-105.775055
433,0.98,0.000521067,1.12416,5,0.1,7.35499e-05,0.796584,0.1,-105.775055
434,0.98,0.000521067,1.12416,5,0.1,7.35499e-05,0.796584,0.1,-105.775055
435,0.98,0.000521048,1.12417,5,0.1,7.355e-05,0.796584,0.1,-105.775055
436,0.98,0.000521025,1.12418,5,0.1,7.35501e-05,0.796584,0.1,-105.775055
437,0.98,0.000520998,1.12416,5,0.1,7.35504e-05,0.796584,0.1,-105.775055
438,0.98,0.000521089,1.12416,5,0.1,7.35497e-05,0.796584,0.1,-105.775055
439,0.98,0.000521089,1.12416,5,0.1,7.35497e-05,0.796584,0.1,-105.775055
440,0.98,0.000521089,1.12416,5,0.1,7.35497e-05,0.796584,0.1,-105.775055
441,0.98,0.000521,1.12417,5,0.1,7.35504e-05,0.796584,0.1,-105.775054
442,0.98,0.000521014,1.12416,5,0.1,7.35503e-05,0.796584,0.1,-105.775054
443,0.98,0.000521014,1.12416,5,0.1,7.35503e-05,0.796584,0.1,-105.775054
444,0.98,0.00052098,1.12417,5,0.1,7.35506e-05,0.796583,0.1,-105.775053
445,0.98,0.00052098,1.12417,5,0.1,7.35506e-05,0.796583,0.1,-105.775053
446,0.98,0.000520996,1.12417,5,0.1,7.35505e-05,0.796584,0.1,-105.775052
447,0.98,0.000520996,1.12417,5,0.1,7.35505e-05,0.796584,0.1,-105.775052
448,0.98,0.000520996,1.12417,5,0.1,7.35505e-05,0.796584,0.1,-105.775052
449,0.98,0.000520973,1.12416,5,0.1,7.35509e-05,0.796584,0.1,-105.775050
450,0.98,0.000520973,1.12416,5,0.1,7.35509e-05,0.796584,0.1,-105.775050
451,0.98,0.000520973,1.12416,5,0.1,7.35509e-05,0.796584,0.1,-105.775050
452,0.98,0.000520886,1.12419,5,0.1,7.35516e-05,0.796583,0.1,-105.775048
453,0.98,0.000520886,1.12419,5,0.1,7.35516e-05,0.796583,0.1,-105.775048
454,0.98,0.000520902,1.12415,5,0.1,7.35517e-05,0.796583,0.1,-105.775046
455,0.98,0.000520902,1.12415,5,0.1,7.35517e-05,0.796583,0.1,-105.775046
456,0.98,0.000521004,1.12417,5,0.1,7.35509e-05,0.796584,0.1,-105.775043
457,0.98,0.000521004,1.12417,5,0.1,7.35509e-05,0.796584,0.1,-105.775043
458,0.98,0.000520787,1.12421,5,0.1,7.35529e-05,0.796583,0.1,-105.775038
459,0.98,0.000520787,1.12421,5,0.1,7.35529e-05,0.796583,0.1,-105.775038
460,0.98,0.000520863,1.12415,5,0.1,7.35529e-05,0.796584,0.1,-105.775031
461,0.98,0.000520863,1.12415,5,0.1,7.35529e-05,0.796584,0.1,-105.775031
462,0.98,0.000520847,1.1242,5,0.1,7.35532e-05,0.796585,0.1,-105.775021
463,0.98,0.000520847,1.1242,5,0.1,7.35532e-05,0.796585,0.1,-105.775021
464,0.98,0.000520847,1.1242,5,0.1,7.35532e-05,0.796585,0.1,-105.775021
465,0.98,0.000520812,1.12421,5,0.1,7.35543e-05,0.796585,0.1,-105.775005
466,0.98,0.000520812,1.12421,5,0.1,7.35543e-05,0.796585,0.1,-105.775005
467,0.98,0.000520644,1.12422,5,0.1,7.35566e-05,0.796585,0.1,-105.774990
468,0.98,0.000520644,1.12422,5,0.1,7.35566e-05,0.796585,0.1,-105.774990
469,0.98,0.000520582,1.12424,5,0.1,7.3558e-05,0.796586,0.1,-105.774970
470,0.98,0.000520582,1.12424,5,0.1,7.3558e-05,0.796586,0.1,-105.774970
471,0.98,0.000520519,1.12424,5,0.1,7.35608e-05,0.796589,0.1,-105.774928
472,0.98,0.000520519,1.12424,5,0.1,7.35608e-05,0.796589,0.1,-105.774928
473,0.98,0.000520519,1.12424,5,0.1,7.35608e-05,0.796589,0.1,-105.774928
474,0.98,0.000520288,1.12431,5,0.1,7.35648e-05,0.79659,0.1,-105.774889
475,0.98,0.000520288,1.12431,5,0.1,7.35648e-05,0.79659,0.1,-105.774889
476,0.98,0.000519755,1.12438,5,0.1,7.35724e-05,0.796591,0.1,-105.774861
477,0.98,0.000519765,1.12444,5,0.1,7.35753e-05,0.796595,0.1,-105.774794
478,0.98,0.000519765,1.12444,5,0.1,7.35753e-05,0.796595,0.1,-105.774794
479,0.98,0.000519765,1.12444,5,0.1,7.35753e-05,0.796595,0.1,-105.774794
480,0.98,0.000518899,1.12463,5,0.1,7.35906e-05,0.7966,0.1,-105.774730
481,0.98,0.000518899,1.12463,5,0.1,7.35906e-05,0.7966,0.1,-105.774730
482,0.98,0.00051801,1.12473,5,0.1,7.36071e-05,0.796606,0.1,-105.774720
483,0.98,0.000518206,1.12476,5,0.1,7.36092e-05,0.796612,0.1,-105.774596
484,0.98,0.000518206,1.12476,5,0.1,7.36092e-05,0.796612,0.1,-105.774596
485,0.98,0.000518206,1.12476,5,0.1,7.36092e-05,0.796612,0.1,-105.774596
486,0.98,0.000518206,1.12476,5,0.1,7.36092e-05,0.796612,0.1,-105.774596
487,0.98,0.000518206,1.12476,5,0.1,7.36092e-05,0.796612,0.1,-105.774596
488,0.98,0.000518206,1.12476,5,0.1,7.36092e-05,0.796612,0.1,-105.774596
489,0.98,0.000518206,1.12476,5,0.1,7.36092e-05,0.796612,0.1,-105.774596
490,0.98,0.000518206,1.12476,5,0.1,7.36092e-05,0.796612,0.1,-105.774596
491,0.98,0.00051841,1.12486,5,0.1,7.36075e-05,0.796614,0.1,-105.774556
492,0.98,0.00051841,1.12486,5,0.1,7.36075e-05,0.796614,0.1,-105.774556
493,0.98,0.000518024,1.12496,5,0.1,7.36193e-05,0.796623,0.1,-105.774466
494,0.98,0.000518024,1.12496,5,0.1,7.36193e-05,0.796623,0.1,-105.774466
495,0.98,0.000518024,1.12496,5,0.1,7.36193e-05,0.796623,0.1,-105.774466
496,0.98,0.000518995,1.12475,5,0.1,7.36059e-05,0.796622,0.1,-105.774397
497,0.98,0.000518582,1.12499,5,0.1,7.36202e-05,0.796633,0.1,-105.774266
498,0.98,0.000518582,1.12499,5,0.1,7.36202e-05,0.796633,0.1,-105.774266
499,0.98,0.000517863,1.12517,5,0.1,7.36438e-05,0.796651,0.1,-105.774073
